# lp-PACMAN vs lp-SABVUN-DDEC, CO2 in MIL-53(Al) lp, rigid, 304 K, RASPA2 2.0.50
# identical force field, box (4x2x2), cutoff and Ewald precision; only the CIF charges differ
# ABSOLUTE loading is the comparison. Both GCMC runs were given the same
# HeliumVoidFraction (0.7115) in simulation.input, because the PACMAN helium
# run (Widom: 0.709397) finished after the GCMC had started. That affects
# the excess column by 0.3 % of the excess correction and the absolute column not at all.
# errors are RASPA's 95 % confidence half-widths; ratio_err95 adds them in quadrature
# significant_95: |difference| exceeds the combined 95 % band
p_bar,ddec_mol_kg,ddec_err95,pacman_mol_kg,pacman_err95,diff_mol_kg,diff_err95,ratio_pacman_over_ddec,ratio_err95,pct_change,significant_95,ddec_molec_uc,pacman_molec_uc,ddec_theta_He,pacman_theta_He,ddec_excess_mol_kg,pacman_excess_mol_kg,ddec_acc_insertion,pacman_acc_insertion,ddec_cycles_prod,pacman_cycles_prod
0.1,2.0251233305,0.0322880697,1.9789669857,0.0317256328,-0.04615634479999997,0.04526627024079291,0.9772081314234803,0.022094618562033663,-2.2791868576519714,True,1.68574375,1.6473225,0.7115,0.7115,2.0222464404,1.9760631345,0.4703571139244235,0.4885289333549709,50000,50000
1.0,8.2111156811,0.0243280006,8.1953588237,0.0270035679,-0.015756857400001323,0.03634617301069688,0.9980810333197144,0.004422656193293136,-0.1918966680285572,False,6.83505875,6.8219425,0.7115,0.7115,8.18221239,8.1661846616,0.0922133448735822,0.096217534817997,50000,50000
10.0,10.9642514738,0.063204838,11.0885358827,0.0743669975,0.12428440890000125,0.0975976529624112,1.0113354212275218,0.00894389848994462,1.1335421227521847,True,9.12681125,9.2302675,0.7115,0.7115,10.660673625,10.7821130142,0.0117940566774891,0.0116920591967663,50000,50000
30.0,11.7725859169,0.0508762572,11.9164098502,0.1166068831,0.1438239333000002,0.12722247731033073,1.0122168514475256,0.010827893553932632,1.22168514475256,True,9.79968125,9.9194025,0.7115,0.7115,10.7347826648,10.8688806884,0.0051017381503233,0.0052244451625379,50000,50000
