# CO2 test-insertion energies, rigid TraPPE CO2 in the rigid framework, T = 304.0 K
# same UFF + TraPPE parameters, Lorentz-Berthelot, 12.0 A cut-off and CIF charges as the GCMC
# electrostatics: full Ewald of the guest-host term, alpha = 0.3 1/A, k-space tol 1e-8; no LJ tail correction
# a first attempt with a truncated 12 A Coulomb sum failed validation (pair terms reach
# +-330 kJ/mol; the truncation residual invented -655 kJ/mol wells) and was discarded
# validated on lp against RASPA's Widom run: K_H ratio 0.767, <U> difference +0.63 kJ/mol
# uniform random position and orientation, seed 20260926
label,cif,n_trials,V_file_cell_A3,V_formula_cell_A3,rho_kg_m3,frac_U_lt_0,frac_U_lt_minus10,frac_U_lt_minus20,frac_U_gt_100,U_min_kJ_mol,U_min_LJ_only_kJ_mol,U_median_kJ_mol,rosenbluth,K_H_mol_kg_Pa,U_boltzmann_kJ_mol
lp (SABVUN-DDEC),structures/MIL-53_Al_lp.cif,200000,1411.9573249966065,1411.9573249966065,978.9659982213636,0.15227,0.135205,0.03307,0.7916,-31.572994569473295,-28.948657028340136,90343.6321868351,354.6093695444255,0.00014330945016422346,-22.20681102963386
np (PACMAN),structures/MIL-53_Al_np.cif,200000,1891.559965867432,945.779982933716,1461.500811027572,0.00068,0.00025,2.5e-05,0.99203,-26.181333391696032,-21.5341537343161,2799787.4586083745,0.47887863099484673,1.2963391245678203e-07,-23.05573645568324
