# CO2 in MIL-53(Al) np, rigid framework, GCMC (RASPA2 2.0.50), T = 304 K
# absolute and excess loading; 1 molecule/uc = 1.2013 mol/kg (M_uc = 832.415 g/mol)
# excess uses theta_He = 0.280486, the value RASPA was given in simulation.input
# theta_He_widom = 0.280486 is the measured Widom value (He, 298 K, eps/k 10.9 K, sigma 2.64 A)
# loadings per FORMULA cell (M = 832.415 g/mol, Z = 4); RASPA unit cell holds 2 formula cell(s)
# errors are RASPA's 95 % confidence half-widths (5 blocks, t = 2.776)
p_bar,p_Pa,fugacity_bar,fugacity_coeff,T_K,unit_cells,n_unit_cells,absolute_mol_kg,absolute_mol_kg_err95,absolute_molec_uc,absolute_molec_uc_err95,absolute_molec_uc_rel_err,excess_mol_kg,excess_mol_kg_err95,excess_molec_uc,excess_molec_uc_err95,excess_molec_uc_rel_err,bulk_density_kg_m3,theta_He,theta_He_widom,M_uc_g_per_mol,acc_insertion,accepted_insertion,acc_deletion,accepted_deletion,acc_reinsertion,acc_translation,acc_rotation,cycles_init,cycles_prod,drift_N_box,drift_err95_N_box,trend_r_10blocks,drifting,drift_endpoint_only,first_block_sd_below_rest,under_equilibrated,sd_N_box,mean_N_box,sd_over_sqrtN,frozen_N,n_trace,n_warnings,missing_vdw_pairs,file
0.01,1000.0,0.009999485009440956,0.9999485009,304.0,2x2x4,16,0.4905515681,0.0079117933,0.40834265625,0.0065858982,0.01612836204887669,0.4904654592,0.0079117933,0.40827097785,0.0065858982,0.016131193636839108,0.0174124913,0.280486,0.280486,832.415,0.09790525964417562,78605.0,0.0980985840785278,78601.0,0.029841801293215623,0.5066801301077658,0.5058603181654265,20000,200000,0.25,0.8713500963447474,-0.04408111571824544,False,False,-0.606516628846048,False,3.451308833372722,13.055,0.9552023558702215,False,200,0,False,runs/np_co2cell/p_1000/Output/System_0/output_MIL-53_Al_np_CO2cell_2.2.4_304.000000_1000.data
0.02,2000.0,0.019997940066173506,0.9998970033,304.0,2x2x4,16,0.8338629397,0.0134343842,0.6941203125,0.0111829877,0.01611102210756871,0.833690713,0.0134343842,0.6939769483,0.0111829877,0.01611435037920841,0.0348267764,0.280486,0.280486,832.415,0.08569255361633459,78750.0,0.08596038274482405,78741.0,0.024410915993682652,0.4973951767383225,0.5109322578849054,20000,200000,1.0500000000000007,0.8566332993761102,0.2590529496932901,False,True,-1.3660849844571408,False,4.11491953919762,22.11,0.8751187246215174,False,200,0,False,runs/np_co2cell/p_2000/Output/System_0/output_MIL-53_Al_np_CO2cell_2.2.4_304.000000_2000.data
0.05,5000.0,0.04998712594620566,0.9997425189,304.0,2x2x4,16,1.5156680009,0.0134819718,1.2616653125,0.0112226003,0.008895069230176684,1.5152373674,0.0134819718,1.26130684655,0.0112226003,0.008897597226794346,0.0870803986,0.280486,0.280486,832.415,0.06216285958807684,100454.0,0.06221781251045139,100458.0,0.015265193784376426,0.5031918653703189,0.5019050969394581,20000,200000,0.10000000000000142,0.45487451632290826,-0.07651001484904164,False,False,0.9949563685653433,False,5.125549363864037,39.99,0.8105218340341224,False,200,0,False,runs/np_co2cell/p_5000/Output/System_0/output_MIL-53_Al_np_CO2cell_2.2.4_304.000000_5000.data
0.1,10000.0,0.09994850733482752,0.9994850733,304.0,2x2x4,16,2.1191488444,0.0129425869,1.76401203125,0.010773608,0.00610744587289787,2.1182873554,0.0129425869,1.7632949146,0.010773608,0.006109929717822598,0.1742056825,0.280486,0.280486,832.415,0.042041797368313844,94944.0,0.042069549790017806,94945.0,0.00887625456866044,0.4976374928708875,0.5040731730773919,20000,200000,-0.5999999999999943,1.1011223666786543,-0.21350621381132392,False,False,1.8039117052037759,False,4.969856372352127,56.345,0.6620886550911778,False,200,0,False,runs/np_co2cell/p_10000/Output/System_0/output_MIL-53_Al_np_CO2cell_2.2.4_304.000000_10000.data
0.2,20000.0,0.19979405772729278,0.9989702886,304.0,2x2x4,16,2.6287057233,0.0325713471,2.188175,0.02711288935,0.012390640305277227,2.6269818565,0.0325713471,2.1867400268,0.02711288935,0.012398771238333287,0.3485911103,0.280486,0.280486,832.415,0.026719428141072636,18697.0,0.026654821980353603,18693.0,0.004787635979982606,0.501682491373213,0.5174367435956513,20000,50000,-0.7999999999999972,0.5118691082688998,-0.2962974987950579,False,True,0.07231015260622074,False,3.9499418750567115,70.5,0.47043123141857124,False,50,0,False,runs/np_co2cell/p_20000/Output/System_0/output_MIL-53_Al_np_CO2cell_2.2.4_304.000000_20000.data
0.5,50000.0,0.49871339246644797,0.9974267849,304.0,2x2x4,16,3.2278792595,0.043077564,2.68693625,0.03585842565,0.013345469454290179,3.2235629056,0.043077564,2.68334325075,0.03585842565,0.013363339051005677,0.8728299517,0.280486,0.280486,832.415,0.012934568830259518,11121.0,0.012934001935099733,11122.0,0.0019239229872134193,0.5071269011462084,0.5244486933908337,100000,50000,-0.8999999999999915,2.102075478759026,-0.4988616668381097,False,False,-0.45868864082163147,False,3.558777593385638,85.78,0.3842446475395392,False,50,0,False,runs/np_co2cell/p_50000/Output/System_0/output_MIL-53_Al_np_CO2cell_2.2.4_304.000000_50000.data
1.0,100000.0,0.9948571062612116,0.9948571063,304.0,2x2x4,16,3.5987007481,0.0364227351,2.99561375,0.03031884385,0.010121079144465804,3.590045615,0.0364227351,2.9884090843,0.03031884385,0.010145479750173438,1.7501946263,0.280486,0.280486,832.415,0.007487522534552982,7177.0,0.0074794767911021956,7174.0,0.000980652222498397,0.5317555031421916,0.5266109652197555,20000,50000,-0.7999999999999972,1.4360267050441613,-0.3677839929153797,False,False,1.1129807607827706,False,3.464160527929574,96.14,0.35330188125389034,False,50,0,False,runs/np_co2cell/p_100000/Output/System_0/output_MIL-53_Al_np_CO2cell_2.2.4_304.000000_100000.data
2.0,200000.0,1.9794565942493663,0.9897282971,304.0,2x2x4,16,3.8666348984,0.0278389866,3.21864625,0.02317359985,0.007199797073070705,3.8492338952,0.0278389866,3.2041613878,0.02317359985,0.007232344768348625,3.5187375873,0.280486,0.280486,832.415,0.004484426914333457,4616.0,0.0044899132312616035,4624.0,0.0005105081205730891,0.505977105486273,0.5111356921419943,20000,50000,0.29999999999999716,1.2519729223908913,0.029095141419306785,False,False,-0.16636232652594246,False,3.4383194756052746,103.12,0.3385905049265859,False,50,0,False,runs/np_co2cell/p_200000/Output/System_0/output_MIL-53_Al_np_CO2cell_2.2.4_304.000000_200000.data
5.0,500000.0,4.872125683565041,0.9744251367,304.0,2x2x4,16,4.1608983024,0.0346582711,3.463595625,0.0288500769,0.008329516497758021,4.1166936642,0.0346582711,3.4267990056,0.0288500769,0.008418957999244728,8.9388249705,0.280486,0.280486,832.415,0.0023498786301658797,2607.0,0.002358017530640676,2610.0,0.0002744093429159964,0.5040228065761005,0.506780539936059,20000,50000,0.4000000000000057,1.2672675638553987,0.14998745130196342,False,False,0.607257485794024,False,2.836280979719458,110.58,0.26971863912786187,False,50,0,False,runs/np_co2cell/p_500000/Output/System_0/output_MIL-53_Al_np_CO2cell_2.2.4_304.000000_500000.data
10.0,1000000.0,9.491896745767201,0.9491896746,304.0,2x2x4,16,4.3800729903,0.0366152387,3.64604,0.0304790868,0.008359504229245977,4.289166156,0.0366152387,3.5703677555,0.0304790868,0.008536679940896357,18.3826927425,0.280486,0.280486,832.415,0.0013332157386246385,1557.0,0.0013340574133699147,1555.0,0.0001549178721302748,0.4921533776751796,0.4999613530884894,20000,50000,-1.0,0.8804778847875734,-0.2796089997340507,False,True,1.165462192585879,False,2.689055672194844,116.44,0.249200377135151,False,50,0,False,runs/np_co2cell/p_1000000/Output/System_0/output_MIL-53_Al_np_CO2cell_2.2.4_304.000000_1e+06.data
20.0,2000000.0,17.993339903811428,0.8996669952,304.0,2x2x4,16,4.5168804443,0.0461160482,3.759920625,0.0383877065,0.010209711940395019,4.323653763,0.0461160482,3.5990757691,0.0383877065,0.01066599009378438,39.0732637203,0.280486,0.280486,832.415,0.0008550218616376867,1029.0,0.0008594821495365945,1034.0,0.00010641411051105376,0.504196895369823,0.4966948713176646,20000,50000,-2.5,1.275148280005116,-0.45198157795435007,False,True,0.9227421631807561,False,2.366863075111556,120.5,0.2156153178248663,False,50,0,False,runs/np_co2cell/p_2000000/Output/System_0/output_MIL-53_Al_np_CO2cell_2.2.4_304.000000_2e+06.data
30.0,3000000.0,25.538122700965378,0.8512707567,304.0,2x2x4,16,4.5713003921,0.0386404476,3.805220625,0.0321649018,0.008452834925964377,4.2605286785,0.0386404476,3.5465294796,0.0321649018,0.009069402068984848,62.84259008,0.280486,0.280486,832.415,0.0006639424210726122,808.0,0.000663667143377597,807.0,9.938512639981075e-05,0.5148230529589903,0.5026002532991226,20000,50000,-0.29999999999999716,0.8663610923858507,-0.28727582856261774,False,False,0.59220060350959,False,2.0902104180767864,121.72,0.18945629333377148,True,50,0,False,runs/np_co2cell/p_3000000/Output/System_0/output_MIL-53_Al_np_CO2cell_2.2.4_304.000000_3e+06.data
50.0,5000000.0,37.84506764486215,0.7569013529,304.0,2x2x4,16,4.6716326659,0.0285860635,3.88873875,0.02379547815,0.006119073478515367,4.0488113673,0.0285860635,3.3702927395,0.02379547815,0.007060359437361569,125.9435844427,0.280486,0.280486,832.415,0.0003963341498030765,494.0,0.00039807348516955116,495.0,7.400221684901779e-05,0.5051614401410346,0.5116016673805619,20000,50000,1.1999999999999886,0.7022786227701888,0.13840397088111087,False,True,0.6586503430939041,False,1.619397721250662,124.3,0.14525060817814492,True,50,0,False,runs/np_co2cell/p_5000000/Output/System_0/output_MIL-53_Al_np_CO2cell_2.2.4_304.000000_5e+06.data
