dF_kJ_mol,Nmax_np,lp->np_bar,np->lp_bar
1.0,2.5,0.08751291272488713,3.653029403706577
1.0,3.0,0.08487337530120789,5.212077752701011
1.0,3.5,0.0831133942652585,7.299921688724604
1.0,4.0,0.08178443708072687,10.199419721701112
1.5,2.5,0.14458826350634038,3.310937881832505
1.5,3.0,0.13743012431876905,4.796882529759005
1.5,3.5,0.13274897817538966,6.78916910267517
1.5,4.0,0.1294734272700045,9.539464835882699
2.0,2.5,0.2152988387271895,2.9600469542921712
2.0,3.0,0.19926912199989413,4.386388968140351
2.0,3.5,0.18940389451552175,6.283692815980059
2.0,4.0,0.18265775568313874,8.900666042341067
2.5,2.5,0.30619587467568554,2.595647705941844
2.5,3.0,0.27330455357132755,3.972418428909384
2.5,3.5,0.25479760708089255,5.7831325090510495
2.5,4.0,0.24257401551435742,8.271245546346602
3.0,2.5,0.4319732044403334,2.2039015729872253
3.0,3.0,0.36500864487216284,3.55142424634053
3.0,3.5,0.33136073915224956,5.288240535727647
3.0,4.0,0.31067023808181254,7.649256359105224
3.5,2.5,0.6380655226730588,1.7375488851473757
3.5,3.0,0.48318032402971933,3.1092072215628104
3.5,3.5,0.42301557025699615,4.7891567102714765
3.5,4.0,0.389004417341495,7.039914969730631
4.0,2.5,,
4.0,3.0,0.6494798228366453,2.6314555903489807
4.0,3.5,0.5361193697047265,4.278155815965122
4.0,4.0,0.4804620812460908,6.432287588348282
