lp_branch,dF_kJ_mol,lp->np_bar,np->lp_bar
"lp PACMAN (consistent pair, 4 pts)",1.0,0.010401991110796226,0.267109633891391
"lp PACMAN (consistent pair, 4 pts)",1.25,0.01461684827464253,0.25311292227812965
"lp PACMAN (consistent pair, 4 pts)",1.5,0.019380366405383487,0.23908450622642521
"lp PACMAN (consistent pair, 4 pts)",1.75,0.02481311212821965,0.22495215020350165
"lp PACMAN (consistent pair, 4 pts)",2.0,0.031008524836841852,0.2106134940199505
"lp PACMAN (consistent pair, 4 pts)",2.25,0.038169216873028565,0.19591169282448678
"lp PACMAN (consistent pair, 4 pts)",2.5,0.04670186118160152,0.18058469405178723
"lp PACMAN (consistent pair, 4 pts)",2.75,0.05740490922824245,0.16412907109451996
"lp PACMAN (consistent pair, 4 pts)",3.0,0.07185873049014513,0.14528748105083025
"lp PACMAN (consistent pair, 4 pts)",3.25,0.09657216364352393,0.11673538378373369
"lp PACMAN (consistent pair, 4 pts)",3.5,,
"lp PACMAN (consistent pair, 4 pts)",3.75,,
"lp PACMAN (consistent pair, 4 pts)",4.0,,
lp SABVUN-DDEC (12 pts),1.0,0.010405252101099658,0.28213415739044906
lp SABVUN-DDEC (12 pts),1.25,0.014599978278463368,0.2669286950151391
lp SABVUN-DDEC (12 pts),1.5,0.01944075473951487,0.25146220523953106
lp SABVUN-DDEC (12 pts),1.75,0.025076393871628567,0.23559326965792002
lp SABVUN-DDEC (12 pts),2.0,0.03172754907993115,0.2191071472360615
lp SABVUN-DDEC (12 pts),2.25,0.03979518222347549,0.2016445867086299
lp SABVUN-DDEC (12 pts),2.5,0.04998472883425715,0.18251280952641286
lp SABVUN-DDEC (12 pts),2.75,0.0640038499172849,0.1599810640942
lp SABVUN-DDEC (12 pts),3.0,0.09264068543281595,0.12408598539913324
lp SABVUN-DDEC (12 pts),3.25,,
lp SABVUN-DDEC (12 pts),3.5,,
lp SABVUN-DDEC (12 pts),3.75,,
lp SABVUN-DDEC (12 pts),4.0,,
