pair,pair_full,dF_kJ_mol,lp->np_bar,np->lp_bar
MIXED (lp DDEC),"simulated lp (DDEC, 12 pts) + np (original cell): MIXED charge sets",1.0,,
MIXED (lp DDEC),"simulated lp (DDEC, 12 pts) + np (original cell): MIXED charge sets",1.25,,
MIXED (lp DDEC),"simulated lp (DDEC, 12 pts) + np (original cell): MIXED charge sets",1.5,,
MIXED (lp DDEC),"simulated lp (DDEC, 12 pts) + np (original cell): MIXED charge sets",1.75,,
MIXED (lp DDEC),"simulated lp (DDEC, 12 pts) + np (original cell): MIXED charge sets",2.0,,
MIXED (lp DDEC),"simulated lp (DDEC, 12 pts) + np (original cell): MIXED charge sets",2.25,,
MIXED (lp DDEC),"simulated lp (DDEC, 12 pts) + np (original cell): MIXED charge sets",2.5,,
MIXED (lp DDEC),"simulated lp (DDEC, 12 pts) + np (original cell): MIXED charge sets",2.75,,
MIXED (lp DDEC),"simulated lp (DDEC, 12 pts) + np (original cell): MIXED charge sets",3.0,,
MIXED (lp DDEC),"simulated lp (DDEC, 12 pts) + np (original cell): MIXED charge sets",3.25,,
MIXED (lp DDEC),"simulated lp (DDEC, 12 pts) + np (original cell): MIXED charge sets",3.5,,
MIXED (lp DDEC),"simulated lp (DDEC, 12 pts) + np (original cell): MIXED charge sets",3.75,,
MIXED (lp DDEC),"simulated lp (DDEC, 12 pts) + np (original cell): MIXED charge sets",4.0,,
CONSISTENT (lp PACMAN),simulated lp (PACMAN) + np (original cell): CONSISTENT pair,1.0,,
CONSISTENT (lp PACMAN),simulated lp (PACMAN) + np (original cell): CONSISTENT pair,1.25,,
CONSISTENT (lp PACMAN),simulated lp (PACMAN) + np (original cell): CONSISTENT pair,1.5,,
CONSISTENT (lp PACMAN),simulated lp (PACMAN) + np (original cell): CONSISTENT pair,1.75,,
CONSISTENT (lp PACMAN),simulated lp (PACMAN) + np (original cell): CONSISTENT pair,2.0,,
CONSISTENT (lp PACMAN),simulated lp (PACMAN) + np (original cell): CONSISTENT pair,2.25,,
CONSISTENT (lp PACMAN),simulated lp (PACMAN) + np (original cell): CONSISTENT pair,2.5,,
CONSISTENT (lp PACMAN),simulated lp (PACMAN) + np (original cell): CONSISTENT pair,2.75,,
CONSISTENT (lp PACMAN),simulated lp (PACMAN) + np (original cell): CONSISTENT pair,3.0,,
CONSISTENT (lp PACMAN),simulated lp (PACMAN) + np (original cell): CONSISTENT pair,3.25,,
CONSISTENT (lp PACMAN),simulated lp (PACMAN) + np (original cell): CONSISTENT pair,3.5,,
CONSISTENT (lp PACMAN),simulated lp (PACMAN) + np (original cell): CONSISTENT pair,3.75,,
CONSISTENT (lp PACMAN),simulated lp (PACMAN) + np (original cell): CONSISTENT pair,4.0,,
